epoch,train_loss,l_sup,l_cont,l_style,val_dice,val_iou,pred_entropy,pred_fg_rate
1,1.408641,0.685898,0.722594,0.011909,nan,nan,0.4415,0.11629
2,1.290788,0.616902,0.673681,0.008212,nan,nan,0.3701,0.11330
3,1.250509,0.591573,0.658636,0.007991,nan,nan,0.3486,0.11550
4,1.227492,0.576103,0.650978,0.008225,nan,nan,0.3403,0.11900
5,1.198588,0.558864,0.639138,0.009382,0.5482,0.3776,0.3266,0.12281
6,1.193495,0.554550,0.638271,0.008997,0.5482,0.3776,0.3230,0.12430
7,1.184312,0.549276,0.634233,0.009176,0.5482,0.3776,0.3192,0.12557
8,1.171218,0.541922,0.628317,0.009791,0.5482,0.3776,0.3133,0.12593
9,1.155459,0.533598,0.620708,0.010245,0.5482,0.3776,0.3063,0.12816
10,1.138602,0.523839,0.613440,0.010592,0.5912,0.4196,0.2997,0.12915
11,1.129619,0.517265,0.610967,0.010093,0.5912,0.4196,0.2949,0.12632
12,1.115283,0.509220,0.604521,0.010282,0.5912,0.4196,0.2894,0.13164
13,1.117853,0.510684,0.605435,0.010665,0.5912,0.4196,0.2893,0.13274
14,1.105843,0.503339,0.600663,0.010519,0.5912,0.4196,0.2846,0.13157
15,1.095602,0.497960,0.595865,0.009482,0.6149,0.4439,0.2816,0.13202
16,1.093382,0.497426,0.593905,0.010252,0.6149,0.4439,0.2795,0.13249
17,1.074834,0.485404,0.587278,0.010129,0.6149,0.4439,0.2709,0.13164
18,1.078563,0.487975,0.588416,0.009653,0.6149,0.4439,0.2737,0.13085
19,1.062716,0.481195,0.579158,0.009949,0.6149,0.4439,0.2667,0.13173
20,1.064304,0.480947,0.580971,0.009544,0.6143,0.4434,0.2663,0.12997
21,1.042977,0.469600,0.570801,0.009812,0.6143,0.4434,0.2577,0.13150
22,1.042369,0.467924,0.571883,0.009315,0.6143,0.4434,0.2552,0.13240
23,1.056700,0.474651,0.579083,0.010317,0.6143,0.4434,0.2595,0.13286
24,1.024661,0.460956,0.560829,0.009584,0.6143,0.4434,0.2512,0.13319
25,1.025628,0.458627,0.563752,0.010398,0.5733,0.4018,0.2479,0.13280
26,1.023730,0.456988,0.563256,0.010725,0.5733,0.4018,0.2465,0.13471
27,1.007448,0.449333,0.554637,0.010305,0.5733,0.4018,0.2384,0.13354
28,1.019485,0.455157,0.560756,0.010205,0.5733,0.4018,0.2412,0.13382
29,0.997017,0.441715,0.551451,0.010624,0.5733,0.4018,0.2325,0.13441
30,1.007975,0.447631,0.556334,0.010692,0.6311,0.4610,0.2339,0.13475
31,0.992722,0.438853,0.549748,0.010635,0.6311,0.4610,0.2273,0.13629
32,0.986639,0.434850,0.547415,0.010936,0.6311,0.4610,0.2219,0.13549
33,0.971520,0.428692,0.538566,0.010332,0.6311,0.4610,0.2155,0.13516
34,0.985774,0.434659,0.546521,0.010811,0.6311,0.4610,0.2195,0.13602
35,0.973651,0.427246,0.541903,0.010292,0.6205,0.4498,0.2131,0.13551
36,0.960042,0.419796,0.535402,0.010765,0.6205,0.4498,0.2076,0.13636
37,0.964429,0.422734,0.536968,0.010219,0.6205,0.4498,0.2090,0.13652
38,0.951338,0.418030,0.528116,0.010929,0.6205,0.4498,0.2041,0.13760
39,0.938103,0.409985,0.523281,0.009922,0.6205,0.4498,0.2005,0.13736
40,0.946964,0.412693,0.528956,0.010631,0.6170,0.4461,0.2016,0.13542
41,0.935930,0.407727,0.522870,0.010666,0.6170,0.4461,0.1964,0.13715
42,0.932681,0.406301,0.521027,0.010706,0.6170,0.4461,0.1951,0.13755
43,0.917237,0.397284,0.514760,0.010386,0.6170,0.4461,0.1908,0.13773
44,0.918283,0.397662,0.515055,0.011133,0.6170,0.4461,0.1912,0.13857
45,0.910264,0.393352,0.511920,0.009986,0.6018,0.4304,0.1883,0.13863
46,0.909953,0.392836,0.511731,0.010773,0.6018,0.4304,0.1874,0.13841
47,0.894342,0.385564,0.503811,0.009933,0.6018,0.4304,0.1831,0.13906
48,0.905140,0.389240,0.510539,0.010722,0.6018,0.4304,0.1841,0.13707
49,0.882312,0.378215,0.499136,0.009922,0.6018,0.4304,0.1787,0.13925
50,0.887247,0.382462,0.499733,0.010105,0.6107,0.4396,0.1802,0.13938
51,0.885971,0.379580,0.500904,0.010973,0.6107,0.4396,0.1795,0.13866
52,0.872515,0.373061,0.494385,0.010138,0.6107,0.4396,0.1742,0.13854
53,0.871590,0.373922,0.492613,0.010108,0.6107,0.4396,0.1749,0.13795
54,0.872759,0.372987,0.494988,0.009569,0.6107,0.4396,0.1751,0.13860
55,0.858266,0.366728,0.486528,0.010020,0.6265,0.4562,0.1721,0.13943
56,0.857150,0.365648,0.486469,0.010066,0.6265,0.4562,0.1700,0.13904
57,0.853755,0.364350,0.484472,0.009866,0.6265,0.4562,0.1694,0.13817
58,0.844960,0.358550,0.481386,0.010048,0.6265,0.4562,0.1673,0.13947
59,0.843908,0.359136,0.479876,0.009791,0.6265,0.4562,0.1668,0.13912
60,0.826249,0.351011,0.470249,0.009977,0.6176,0.4468,0.1626,0.13985
61,0.824876,0.349186,0.471088,0.009205,0.6176,0.4468,0.1611,0.13880
62,0.826621,0.351101,0.470753,0.009533,0.6176,0.4468,0.1616,0.14001
63,0.826891,0.350882,0.471349,0.009319,0.6176,0.4468,0.1604,0.13896
64,0.810994,0.344023,0.462518,0.008906,0.6176,0.4468,0.1585,0.14026
65,0.801625,0.338616,0.458375,0.009268,0.6222,0.4516,0.1554,0.13994
66,0.803905,0.338935,0.460369,0.009202,0.6222,0.4516,0.1549,0.14007
67,0.802550,0.337526,0.460110,0.009829,0.6222,0.4516,0.1534,0.14077
68,0.794763,0.336225,0.453619,0.009837,0.6222,0.4516,0.1533,0.14004
69,0.790640,0.332234,0.453720,0.009371,0.6222,0.4516,0.1511,0.14087
70,0.773119,0.324168,0.444439,0.009024,0.5891,0.4175,0.1469,0.13947
71,0.778647,0.329480,0.444512,0.009310,0.5891,0.4175,0.1491,0.13864
72,0.777331,0.326145,0.446725,0.008922,0.5891,0.4175,0.1483,0.13954
73,0.775933,0.326523,0.444876,0.009069,0.5891,0.4175,0.1473,0.13918
74,0.768204,0.320918,0.442816,0.008940,0.5891,0.4175,0.1458,0.13970
75,0.749358,0.315383,0.429440,0.009069,0.5849,0.4133,0.1418,0.14012
76,0.754502,0.316233,0.433723,0.009093,0.5849,0.4133,0.1422,0.14031
77,0.757716,0.317751,0.435264,0.009402,0.5849,0.4133,0.1441,0.13999
78,0.750778,0.312973,0.433564,0.008481,0.5849,0.4133,0.1415,0.14049
79,0.749135,0.310361,0.434247,0.009055,0.5849,0.4133,0.1412,0.14106
80,0.740680,0.310254,0.425790,0.009270,0.5977,0.4262,0.1390,0.14052
81,0.736236,0.307506,0.423840,0.009780,0.5977,0.4262,0.1379,0.13947
82,0.727311,0.303591,0.419382,0.008677,0.5977,0.4262,0.1366,0.14074
83,0.726079,0.304550,0.417057,0.008944,0.5977,0.4262,0.1349,0.14069
84,0.728734,0.303221,0.421124,0.008777,0.5977,0.4262,0.1347,0.14108
85,0.726134,0.303058,0.418673,0.008806,0.6254,0.4550,0.1357,0.14094
86,0.723581,0.301019,0.418295,0.008534,0.6254,0.4550,0.1345,0.13998
87,0.708821,0.293224,0.411236,0.008721,0.6254,0.4550,0.1308,0.14090
88,0.712376,0.295805,0.412309,0.008525,0.6254,0.4550,0.1313,0.14117
89,0.701773,0.292801,0.404852,0.008240,0.6254,0.4550,0.1301,0.14112
90,0.698728,0.290921,0.403501,0.008612,0.6265,0.4562,0.1292,0.14038
91,0.699112,0.289421,0.405201,0.008981,0.6265,0.4562,0.1295,0.14174
92,0.689059,0.287082,0.397875,0.008205,0.6265,0.4562,0.1264,0.14131
93,0.689112,0.286248,0.398559,0.008612,0.6265,0.4562,0.1260,0.13980
94,0.680681,0.282842,0.393678,0.008322,0.6265,0.4562,0.1259,0.14149
95,0.683031,0.284624,0.393994,0.008825,0.6174,0.4465,0.1263,0.14098
96,0.675311,0.280974,0.390051,0.008574,0.6174,0.4465,0.1243,0.14186
97,0.663213,0.277077,0.382020,0.008231,0.6174,0.4465,0.1226,0.14114
98,0.664384,0.274699,0.385652,0.008066,0.6174,0.4465,0.1211,0.14212
99,0.660756,0.274052,0.382448,0.008513,0.6174,0.4465,0.1210,0.14148
100,0.664639,0.273578,0.386890,0.008342,0.6359,0.4661,0.1204,0.14204
101,0.661650,0.274053,0.383497,0.008200,0.6359,0.4661,0.1206,0.14171
102,0.655682,0.271353,0.380138,0.008383,0.6359,0.4661,0.1202,0.14205
103,0.655204,0.271152,0.380215,0.007674,0.6359,0.4661,0.1185,0.14173
104,0.645519,0.266399,0.375194,0.007851,0.6359,0.4661,0.1168,0.14138
105,0.650122,0.269465,0.376821,0.007672,0.6099,0.4387,0.1187,0.14208
106,0.646504,0.266438,0.376041,0.008050,0.6099,0.4387,0.1167,0.14119
107,0.644811,0.265282,0.375412,0.008234,0.6099,0.4387,0.1166,0.14291
108,0.635823,0.261897,0.370010,0.007831,0.6099,0.4387,0.1152,0.14248
109,0.630350,0.261743,0.364697,0.007819,0.6099,0.4387,0.1153,0.14316
110,0.630023,0.261067,0.365223,0.007468,0.6422,0.4730,0.1137,0.14190
111,0.634051,0.261551,0.368661,0.007678,0.6422,0.4730,0.1151,0.14159
112,0.625641,0.257149,0.364555,0.007874,0.6422,0.4730,0.1134,0.14251
113,0.628153,0.258445,0.365972,0.007472,0.6422,0.4730,0.1131,0.14246
114,0.624392,0.258338,0.361952,0.008203,0.6422,0.4730,0.1132,0.14289
115,0.618720,0.253880,0.360841,0.007999,0.6229,0.4523,0.1113,0.14250
116,0.621374,0.255160,0.362263,0.007903,0.6229,0.4523,0.1118,0.14275
117,0.611428,0.252796,0.354848,0.007569,0.6229,0.4523,0.1096,0.14196
118,0.612286,0.253022,0.355372,0.007785,0.6229,0.4523,0.1107,0.14223
119,0.613066,0.252039,0.357141,0.007772,0.6229,0.4523,0.1099,0.14269
120,0.606237,0.249328,0.353186,0.007445,0.6166,0.4457,0.1089,0.14392
121,0.609518,0.250605,0.355151,0.007526,0.6166,0.4457,0.1092,0.14289
122,0.600934,0.246601,0.350465,0.007736,0.6166,0.4457,0.1077,0.14275
123,0.603766,0.248276,0.351626,0.007726,0.6166,0.4457,0.1088,0.14301
124,0.600323,0.245735,0.350877,0.007423,0.6166,0.4457,0.1066,0.14183
125,0.597663,0.245390,0.348434,0.007680,0.6181,0.4473,0.1066,0.14242
126,0.600959,0.244836,0.352395,0.007458,0.6181,0.4473,0.1065,0.14190
127,0.591524,0.242889,0.345070,0.007129,0.6181,0.4473,0.1056,0.14372
128,0.588693,0.242292,0.342839,0.007124,0.6181,0.4473,0.1047,0.14324
129,0.593476,0.244721,0.345114,0.007283,0.6181,0.4473,0.1068,0.14285
130,0.594848,0.243269,0.347755,0.007648,0.6238,0.4532,0.1061,0.14319
131,0.601253,0.245492,0.352074,0.007375,0.6238,0.4532,0.1072,0.14317
132,0.583987,0.240967,0.339253,0.007534,0.6238,0.4532,0.1046,0.14357
133,0.590917,0.243137,0.344084,0.007391,0.6238,0.4532,0.1052,0.14373
134,0.583953,0.240015,0.340271,0.007333,0.6238,0.4532,0.1047,0.14329
135,0.592163,0.243416,0.345079,0.007334,0.6256,0.4552,0.1053,0.14291
136,0.583666,0.240597,0.339402,0.007336,0.6256,0.4552,0.1043,0.14331
137,0.579379,0.237588,0.338312,0.006958,0.6256,0.4552,0.1031,0.14254
138,0.581692,0.238829,0.339339,0.007047,0.6256,0.4552,0.1038,0.14300
139,0.584229,0.238746,0.341837,0.007292,0.6256,0.4552,0.1031,0.14304
140,0.578453,0.236676,0.338208,0.007136,0.6182,0.4474,0.1032,0.14271
141,0.585719,0.240062,0.342000,0.007316,0.6182,0.4474,0.1042,0.14238
142,0.583273,0.237955,0.341651,0.007334,0.6182,0.4474,0.1038,0.14304
143,0.584039,0.239007,0.341445,0.007175,0.6182,0.4474,0.1038,0.14309
144,0.583707,0.239333,0.340709,0.007329,0.6182,0.4474,0.1039,0.14285
145,0.582250,0.238078,0.340605,0.007135,0.6212,0.4506,0.1031,0.14241
146,0.584831,0.239615,0.341558,0.007315,0.6212,0.4506,0.1038,0.14309
147,0.583004,0.239010,0.340139,0.007710,0.6212,0.4506,0.1038,0.14301
148,0.577798,0.237738,0.336494,0.007130,0.6212,0.4506,0.1034,0.14334
149,0.577252,0.236527,0.337010,0.007431,0.6212,0.4506,0.1030,0.14363
150,0.572642,0.236481,0.332613,0.007096,0.6322,0.4622,0.1026,0.14309
